Workbook

Sheet REV
A1: ITEM | B1: Descripción | C1: ReferenciaPedido | D1: Factura | E1: Cantidad | F1: PrecioUnit | G1: PrecioTotal | H1: Numerodepiezareemplazo | I1: Embarque | J1: Cantidad Física | K1: Validación | L1: DESFACE | M1: PALLET | N1: CODIGO BARRA | O1: COD/PROD | P1: OBSERVACION | Q1: ok
A2: 6608297569C15 | B2: BODY ASSY-ENGINE HOOD | C2: GSECD26301CS | D2: GSECD26301CS00 | E2: 6 | F2: 162.97 | G2: 977.82 | I2: RC66570 | J2: 5 | K2: =IF(J2="","",IF(J2=E2,"Ok",IF(J2<E2,"Faltante",IF(J2>E2,"Sobrante","")))) | L2: =J2-E2 | M2: H12 | P2: CAJA DETERIORADA 1 UND PARA PRE-EGRESO | Q2: =VLOOKUP(A2,MAESTRO!$B$2:$E$17321,4,0)
A3: 6608089258 | B3: REFLECTOR-RR BMP LH | C3: GSECD26301CS | D3: GSECD26301CS00 | E3: 9 | F3: 2.51 | G3: 22.59 | I3: RC66570 | J3: 10 | K3: =IF(J3="","",IF(J3=E3,"Ok",IF(J3<E3,"Faltante",IF(J3>E3,"Sobrante","")))) | L3: =J3-E3 | M3: H48 | P3: SOBRANTE CONFIRMADO | Q3: =VLOOKUP(A3,MAESTRO!$B$2:$E$17321,4,0)
A4: 6608199702 | B4: RH SIDE BODY C-PILLAR CORNER WDW GLASS | C4: GSECD26301CS | D4: GSECD26301CS00 | E4: 6 | F4: 34.95 | G4: 209.7 | I4: RC66570 | J4: 6 | K4: =IF(J4="","",IF(J4=E4,"Ok",IF(J4<E4,"Faltante",IF(J4>E4,"Sobrante","")))) | L4: =J4-E4 | M4: H31 | P4: CAJAS DE PROTECCION APLASTADAS | Q4: =VLOOKUP(A4,MAESTRO!$B$2:$E$17321,4,0)
A5: 6608095134 | B5: AIR DEFLECTOR ASSY-RADIATOR | C5: GSECD26301CS | D5: GSECD26301CS00 | E5: 3 | F5: 17.36 | G5: 52.08 | I5: RC66570 | J5: 3 | K5: =IF(J5="","",IF(J5=E5,"Ok",IF(J5<E5,"Faltante",IF(J5>E5,"Sobrante","")))) | L5: =J5-E5 | M5: H04 | P5: 1 UND P.N.C. MATERIAL DOBLADO | Q5: =VLOOKUP(A5,MAESTRO!$B$2:$E$17321,4,0)
A6: 6608221630C15 | B6: DOOR BODY ASSY-FRT RH | C6: GSECD26301CS | D6: GSECD26301CS00 | E6: 2 | F6: 252.84 | G6: 505.68 | I6: RC66570 | J6: 2 | K6: =IF(J6="","",IF(J6=E6,"Ok",IF(J6<E6,"Faltante",IF(J6>E6,"Sobrante","")))) | L6: =J6-E6 | M6: H39 | P6: CAJAS DE PROTECCION ROTAS | Q6: =VLOOKUP(A6,MAESTRO!$B$2:$E$17321,4,0)
A7: 6608221631C15 | B7: DOOR BODY ASSY-FRT LH | C7: GSECD26301CS | D7: GSECD26301CS00 | E7: 2 | F7: 252.84 | G7: 505.68 | I7: RC66570 | J7: 2 | K7: =IF(J7="","",IF(J7=E7,"Ok",IF(J7<E7,"Faltante",IF(J7>E7,"Sobrante","")))) | L7: =J7-E7 | M7: H39 | P7: CAJAS DE PROTECCION ROTAS | Q7: =VLOOKUP(A7,MAESTRO!$B$2:$E$17321,4,0)
A8: 6608140644 | B8: ROOF RACKS-RH | C8: GSECD26301CS | D8: GSECD26301CS00 | E8: 1 | F8: 40.77 | G8: 40.77 | I8: RC66570 | J8: 1 | K8: =IF(J8="","",IF(J8=E8,"Ok",IF(J8<E8,"Faltante",IF(J8>E8,"Sobrante","")))) | L8: =J8-E8 | M8: H52 | P8: 1 UND. P.N.C MATERIAL RASPADO | Q8: =VLOOKUP(A8,MAESTRO!$B$2:$E$17321,4,0)
A9: 6608171609 | B9: RR BUMPER UPR BODY | C9: GSECD26301CS | D9: GSECD26301CS00 | E9: 7 | F9: 46.8 | G9: 327.6 | I9: RC66570 | J9: 7 | K9: =IF(J9="","",IF(J9=E9,"Ok",IF(J9<E9,"Faltante",IF(J9>E9,"Sobrante","")))) | L9: =J9-E9 | M9: H03 | P9: P.N.C DEFECTO DE FABRICA RAYADO | Q9: =VLOOKUP(A9,MAESTRO!$B$2:$E$17321,4,0)
A10: 6608255300L35 | B10: INSTRUMENT PANEL BODY ASSY | C10: GSECD26301CS | D10: GSECD26301CS00 | E10: 1 | F10: 202.65 | G10: 202.65 | I10: RC66570 | J10: 1 | K10: =IF(J10="","",IF(J10=E10,"Ok",IF(J10<E10,"Faltante",IF(J10>E10,"Sobrante","")))) | L10: =J10-E10 | M10: H52 | P10: CAJA DE PROTECCION APLASTADA | Q10: =VLOOKUP(A10,MAESTRO!$B$2:$E$17321,4,0)
A11: 6608171609 | B11: RR BUMPER UPR BODY | C11: GSECD26301CS | D11: GSECD26301CS00 | E11: 3 | F11: 46.8 | G11: 140.4 | I11: RC66570 | J11: 3 | K11: =IF(J11="","",IF(J11=E11,"Ok",IF(J11<E11,"Faltante",IF(J11>E11,"Sobrante","")))) | L11: =J11-E11 | M11: H03 | P11: P.N.C DEFECTO DE FABRICA RAYADO | Q11: =VLOOKUP(A11,MAESTRO!$B$2:$E$17321,4,0)
A12: 6608138012C15 | B12: FRT FENDER LH | C12: GSECD26301CS | D12: GSECD26301CS00 | E12: 3 | F12: 56.03 | G12: 168.09 | I12: RC66570 | J12: 3 | K12: =IF(J12="","",IF(J12=E12,"Ok",IF(J12<E12,"Faltante",IF(J12>E12,"Sobrante","")))) | L12: =J12-E12 | M12: H02 | P12: CAJAS DE PROTECCION APLASTADAS Y ROTAS | Q12: =VLOOKUP(A12,MAESTRO!$B$2:$E$17321,4,0)
A13: 6608138012C15 | B13: FRT FENDER LH | C13: GSECD26301CS | D13: GSECD26301CS00 | E13: 3 | F13: 56.03 | G13: 168.09 | I13: RC66570 | J13: 3 | K13: =IF(J13="","",IF(J13=E13,"Ok",IF(J13<E13,"Faltante",IF(J13>E13,"Sobrante","")))) | L13: =J13-E13 | M13: H02 | P13: CAJAS DE PROTECCION APLASTADAS Y ROTAS | Q13: =VLOOKUP(A13,MAESTRO!$B$2:$E$17321,4,0)
... A25: 6608074259 | B25: LH FRT SHOCK ABSORBER ASSY | C25: GSECD26301CS | D25: GSECD26301CS00 | E25: 2 | F25: 72.62 | G25: 145.24 | I25: RC66570 | J25: 2 | K25: =IF(J25="","",IF(J25=E25,"Ok",IF(J25<E25,"Faltante",IF(J25>E25,"Sobrante","")))) | L25: =J25-E25 | M25: H44 | P25: CAJAS DE PROTECCION APLASTADAS | Q25: =VLOOKUP(A25,MAESTRO!$B$2:$E$17321,4,0)
A26: 6608146068 | B26: TRANSMISSION OIL | C26: GSECD26301CS | D26: GSECD26301CS00 | E26: 24 | F26: 13.44 | G26: 322.56 | I26: RC66570 | J26: 24 | K26: =IF(J26="","",IF(J26=E26,"Ok",IF(J26<E26,"Faltante",IF(J26>E26,"Sobrante","")))) | L26: =J26-E26 | M26: H18 | Q26: =VLOOKUP(A26,MAESTRO!$B$2:$E$17321,4,0)
A27: 6608181687C15 | B27: BEAM ASSY-RR BUMPER | C27: GSECD26301CS | D27: GSECD26301CS00 | E27: 3 | F27: 36.97 | G27: 110.91 | I27: RC66570 | J27: 3 | K27: =IF(J27="","",IF(J27=E27,"Ok",IF(J27<E27,"Faltante",IF(J27>E27,"Sobrante","")))) | L27: =J27-E27 | M27: H65 | Q27: =VLOOKUP(A27,MAESTRO!$B$2:$E$17321,4,0)
A28: 6608148536C15 | B28: PANEL ASSY-RR END | C28: GSECD26301CS | D28: GSECD26301CS00 | E28: 2 | F28: 84.28 | G28: 168.56 | I28: RC66570 | J28: 2 | K28: =IF(J28="","",IF(J28=E28,"Ok",IF(J28<E28,"Faltante",IF(J28>E28,"Sobrante","")))) | L28: =J28-E28 | M28: H65 | Q28: =VLOOKUP(A28,MAESTRO!$B$2:$E$17321,4,0)
A29: 6608107355 | B29: SUBFRAME ASSY-FRT | C29: GSECD26301CS | D29: GSECD26301CS00 | E29: 1 | F29: 96.38 | G29: 96.38 | I29: RC66570 | J29: 1 | K29: =IF(J29="","",IF(J29=E29,"Ok",IF(J29<E29,"Faltante",IF(J29>E29,"Sobrante","")))) | L29: =J29-E29 | M29: H65 | Q29: =VLOOKUP(A29,MAESTRO!$B$2:$E$17321,4,0)
A30: 8894997033C15 | B30: PANEL ASSY-RR END | C30: GSECD26301CS | D30: GSECD26301CS00 | E30: 1 | F30: 70.65 | G30: 70.65 | I30: RC66570 | J30: 1 | K30: =IF(J30="","",IF(J30=E30,"Ok",IF(J30<E30,"Faltante",IF(J30>E30,"Sobrante","")))) | L30: =J30-E30 | M30: H63 | Q30: =VLOOKUP(A30,MAESTRO!$B$2:$E$17321,4,0)
A31: 6608107001C15 | B31: BEAM ASSY-RR BUMPER | C31: GSECD26301CS | D31: GSECD26301CS00 | E31: 4 | F31: 36.14 | G31: 144.56 | I31: RC66570 | J31: 4 | K31: =IF(J31="","",IF(J31=E31,"Ok",IF(J31<E31,"Faltante",IF(J31>E31,"Sobrante","")))) | L31: =J31-E31 | M31: H65 | Q31: =VLOOKUP(A31,MAESTRO!$B$2:$E$17321,4,0)
A32: 6608232189C15 | B32: BEAM ASSY-FRT BUMPER | C32: GSECD26301CS | D32: GSECD26301CS00 | E32: 3 | F32: 100.58 | G32: 301.74 | I32: RC66570 | J32: 3 | K32: =IF(J32="","",IF(J32=E32,"Ok",IF(J32<E32,"Faltante",IF(J32>E32,"Sobrante","")))) | L32: =J32-E32 | M32: H62 | Q32: =VLOOKUP(A32,MAESTRO!$B$2:$E$17321,4,0)
A33: 6608079045C15 | B33: PANEL ASSY-RR END | C33: GSECD26301CS | D33: GSECD26301CS00 | E33: 1 | F33: 49.01 | G33: 49.01 | I33: RC66570 | J33: 1 | K33: =IF(J33="","",IF(J33=E33,"Ok",IF(J33<E33,"Faltante",IF(J33>E33,"Sobrante","")))) | L33: =J33-E33 | M33: H63 | Q33: =VLOOKUP(A33,MAESTRO!$B$2:$E$17321,4,0)
A34: 8894997033C15 | B34: PANEL ASSY-RR END | C34: GSECD26301CS | D34: GSECD26301CS00 | E34: 1 | F34: 70.65 | G34: 70.65 | I34: RC66570 | J34: 1 | K34: =IF(J34="","",IF(J34=E34,"Ok",IF(J34<E34,"Faltante",IF(J34>E34,"Sobrante","")))) | L34: =J34-E34 | M34: H63 | Q34: =VLOOKUP(A34,MAESTRO!$B$2:$E$17321,4,0)
A35: 6608021989 | B35: LF DOOR GLASS | C35: GSECD26301CS | D35: GSECD26301CS00 | E35: 6 | F35: 17.08 | G35: 102.48 | I35: RC66570 | J35: 6 | K35: =IF(J35="","",IF(J35=E35,"Ok",IF(J35<E35,"Faltante",IF(J35>E35,"Sobrante","")))) | L35: =J35-E35 | M35: H31 | Q35: =VLOOKUP(A35,MAESTRO!$B$2:$E$17321,4,0)
A36: 6608021988 | B36: RF DOOR GLASS | C36: GSECD26301CS | D36: GSECD26301CS00 | E36: 6 | F36: 17.08 | G36: 102.48 | I36: RC66570 | J36: 6 | K36: =IF(J36="","",IF(J36=E36,"Ok",IF(J36<E36,"Faltante",IF(J36>E36,"Sobrante","")))) | L36: =J36-E36 | M36: H32 | Q36: =VLOOKUP(A36,MAESTRO!$B$2:$E$17321,4,0)
A37: 6608138178 | B37: B1-HABILLAGE SUP BOU | C37: GSECD26301CS | D37: GSECD26301CS00 | E37: 4 | F37: 11.06 | G37: 44.24 | I37: RC66570 | J37: 4 | K37: =IF(J37="","",IF(J37=E37,"Ok",IF(J37<E37,"Faltante",IF(J37>E37,"Sobrante","")))) | L37: =J37-E37 | M37: H04 | Q37: =VLOOKUP(A37,MAESTRO!$B$2:$E$17321,4,0)
... A41: 6608138142 | B41: FRONT BUMPER UPR BODY | C41: GSECD26301CS | D41: GSECD26301CS00 | E41: 6 | F41: 58.69 | G41: 352.14 | I41: RC66570 | J41: 6 | K41: =IF(J41="","",IF(J41=E41,"Ok",IF(J41<E41,"Faltante",IF(J41>E41,"Sobrante","")))) | L41: =J41-E41 | M41: H04 | Q41: =VLOOKUP(A41,MAESTRO!$B$2:$E$17321,4,0)
